{"IcoMoonType":"selection","icons":[{"icon":{"paths":["M64 192h896v192h-896zM64 448h896v192h-896zM64 704h896v192h-896z"],"tags":["menu","list","options","lines","hamburger"],"defaultCode":59837,"grid":16,"attrs":[]},"attrs":[],"properties":{"ligatures":"menu, list3","name":"menu","order":4,"id":190,"prevSize":32,"code":59837},"setIdx":0,"setId":1,"iconIdx":189}],"height":1024,"metadata":{"name":"icomoon"},"preferences":{"showGlyphs":true,"showQuickUse":true,"showQuickUse2":true,"showSVGs":true,"fontPref":{"prefix":"icon-","metadata":{"fontFamily":"icomoon"},"metrics":{"emSize":1024,"baseline":6.25,"whitespace":50},"embed":false},"imagePref":{"prefix":"icon-","png":true,"useClassSelector":true,"color":0,"bgColor":16777215,"classSelector":".icon","name":"icomoon"},"historySize":50,"showCodes":true,"gridSize":16}}